<metadata xml:lang="en"><Esri><CreaDate>20221004</CreaDate><CreaTime>15353800</CreaTime><ArcGISFormat>1.0</ArcGISFormat><SyncOnce>FALSE</SyncOnce><DataProperties><itemProps><itemName Sync="TRUE">tide_zone_polygons_new_WGS84_merge</itemName><imsContentType Sync="TRUE">002</imsContentType><itemSize Sync="TRUE">0.000</itemSize><itemLocation><linkage Sync="TRUE">file://\\OCS-W-A-4167847\F$\csb\tide zone polygons\tide_zone_polygons_new_WGS84_merge.shp</linkage><protocol Sync="TRUE">Local Area Network</protocol></itemLocation></itemProps><coordRef><type Sync="TRUE">Geographic</type><geogcsn Sync="TRUE">GCS_WGS_1984</geogcsn><csUnits Sync="TRUE">Angular Unit: Degree (0.017453)</csUnits><peXml Sync="TRUE">&lt;GeographicCoordinateSystem xsi:type='typens:GeographicCoordinateSystem' xmlns:xsi='http://www.w3.org/2001/XMLSchema-instance' xmlns:xs='http://www.w3.org/2001/XMLSchema' xmlns:typens='http://www.esri.com/schemas/ArcGIS/3.1.0'&gt;&lt;WKT&gt;GEOGCS[&amp;quot;GCS_WGS_1984&amp;quot;,DATUM[&amp;quot;D_WGS_1984&amp;quot;,SPHEROID[&amp;quot;WGS_1984&amp;quot;,6378137.0,298.257223563]],PRIMEM[&amp;quot;Greenwich&amp;quot;,0.0],UNIT[&amp;quot;Degree&amp;quot;,0.0174532925199433],AUTHORITY[&amp;quot;EPSG&amp;quot;,4326]]&lt;/WKT&gt;&lt;XOrigin&gt;-400&lt;/XOrigin&gt;&lt;YOrigin&gt;-400&lt;/YOrigin&gt;&lt;XYScale&gt;11258999068426.238&lt;/XYScale&gt;&lt;ZOrigin&gt;-100000&lt;/ZOrigin&gt;&lt;ZScale&gt;10000&lt;/ZScale&gt;&lt;MOrigin&gt;-100000&lt;/MOrigin&gt;&lt;MScale&gt;10000&lt;/MScale&gt;&lt;XYTolerance&gt;8.983152841195215e-09&lt;/XYTolerance&gt;&lt;ZTolerance&gt;0.001&lt;/ZTolerance&gt;&lt;MTolerance&gt;0.001&lt;/MTolerance&gt;&lt;HighPrecision&gt;true&lt;/HighPrecision&gt;&lt;LeftLongitude&gt;-180&lt;/LeftLongitude&gt;&lt;WKID&gt;4326&lt;/WKID&gt;&lt;LatestWKID&gt;4326&lt;/LatestWKID&gt;&lt;/GeographicCoordinateSystem&gt;</peXml></coordRef><lineage><Process ToolSource="c:\program files\arcgis\pro\Resources\ArcToolbox\toolboxes\Conversion Tools.tbx\FeatureClassToFeatureClass" Date="20221004" Time="152817">FeatureClassToFeatureClass "CO-OPS Regional Zoning (For Download)\Alaska" "F:\csb\tide zone polygons" Alaska_tide_zones.shp # "ControlStn "ControlStn" true true false 254 Text 0 0,First,#,CO-OPS Regional Zoning (For Download)\Alaska,ControlStn,0,254;ATCorr "AvgTimeCorr" true true false 0 Float 0 0,First,#,CO-OPS Regional Zoning (For Download)\Alaska,ATCorr,-1,-1;RR "RangeRatio" true true false 0 Float 0 0,First,#,CO-OPS Regional Zoning (For Download)\Alaska,RR,-1,-1;ControlStn2 "ControlStn2" true true false 255 Text 0 0,First,#,CO-OPS Regional Zoning (For Download)\Alaska,ControlStn2,0,255;ATCorr2 "AvgTimeCorr2" true true false 0 Float 0 0,First,#,CO-OPS Regional Zoning (For Download)\Alaska,ATCorr2,-1,-1;RR2 "RangeRatio2" true true false 0 Float 0 0,First,#,CO-OPS Regional Zoning (For Download)\Alaska,RR2,-1,-1;DataProv "Data Provider" true true false 254 Text 0 0,First,#,CO-OPS Regional Zoning (For Download)\Alaska,DataProv,0,254;Shape__Area "Shape_Area" false true true 0 Double 0 0,First,#,CO-OPS Regional Zoning (For Download)\Alaska,Shape__Area,-1,-1;Shape__Length "Shape_Length" false true true 0 Double 0 0,First,#,CO-OPS Regional Zoning (For Download)\Alaska,Shape__Length,-1,-1" #</Process><Process ToolSource="c:\program files\arcgis\pro\Resources\ArcToolbox\toolboxes\Data Management Tools.tbx\Merge" Date="20221004" Time="153217">Merge Alaska_tide_zones;Pacific_tide_zones;hawaii_tide_zones;tide_zone_polygons;FL_keys_tide_zones;carib_tide_zones "F:\csb\tide zone polygons\tide_zone_polygons_new.shp" "ControlStn "ControlStn" true true false 254 Text 0 0,First,#,Alaska_tide_zones,ControlStn,0,254,Pacific_tide_zones,ControlStn,0,254,hawaii_tide_zones,ControlStn,0,254,tide_zone_polygons,ControlStn,0,254,FL_keys_tide_zones,ControlStn,0,254,carib_tide_zones,ControlStn,0,254;ATCorr "ATCorr" true true false 13 Float 0 0,First,#,Alaska_tide_zones,ATCorr,-1,-1,Pacific_tide_zones,ATCorr,-1,-1,hawaii_tide_zones,ATCorr,-1,-1,tide_zone_polygons,ATCorr,-1,-1,FL_keys_tide_zones,ATCorr,-1,-1,carib_tide_zones,ATCorr,-1,-1;RR "RR" true true false 13 Float 0 0,First,#,Alaska_tide_zones,RR,-1,-1,Pacific_tide_zones,RR,-1,-1,hawaii_tide_zones,RR,-1,-1,tide_zone_polygons,RR,-1,-1,FL_keys_tide_zones,RR,-1,-1,carib_tide_zones,RR,-1,-1;ControlS_1 "ControlS_1" true true false 254 Text 0 0,First,#,Alaska_tide_zones,ControlS_1,0,254,Pacific_tide_zones,ControlS_1,0,254,hawaii_tide_zones,ControlS_1,0,254,tide_zone_polygons,ControlS_1,0,254,FL_keys_tide_zones,ControlS_1,0,254,carib_tide_zones,ControlS_1,0,254;ATCorr2 "ATCorr2" true true false 13 Float 0 0,First,#,Alaska_tide_zones,ATCorr2,-1,-1,Pacific_tide_zones,ATCorr2,-1,-1,hawaii_tide_zones,ATCorr2,-1,-1,tide_zone_polygons,ATCorr2,-1,-1,FL_keys_tide_zones,ATCorr2,-1,-1,carib_tide_zones,ATCorr2,-1,-1;RR2 "RR2" true true false 13 Float 0 0,First,#,Alaska_tide_zones,RR2,-1,-1,Pacific_tide_zones,RR2,-1,-1,hawaii_tide_zones,RR2,-1,-1,tide_zone_polygons,RR2,-1,-1,FL_keys_tide_zones,RR2,-1,-1,carib_tide_zones,RR2,-1,-1;DataProv "DataProv" true true false 254 Text 0 0,First,#,Alaska_tide_zones,DataProv,0,254,Pacific_tide_zones,DataProv,0,254,hawaii_tide_zones,DataProv,0,254,tide_zone_polygons,DataProv,0,254,FL_keys_tide_zones,DataProv,0,254,carib_tide_zones,DataProv,0,254;Shape__Are "Shape__Are" true true false 19 Double 0 0,First,#,Alaska_tide_zones,Shape__Are,-1,-1,Pacific_tide_zones,Shape__Are,-1,-1,hawaii_tide_zones,Shape__Are,-1,-1,FL_keys_tide_zones,Shape__Are,-1,-1,carib_tide_zones,Shape__Are,-1,-1;Shape__Len "Shape__Len" true true false 19 Double 0 0,First,#,Alaska_tide_zones,Shape__Len,-1,-1,Pacific_tide_zones,Shape__Len,-1,-1,hawaii_tide_zones,Shape__Len,-1,-1,FL_keys_tide_zones,Shape__Len,-1,-1,carib_tide_zones,Shape__Len,-1,-1;Shape_Leng "Shape_Leng" true true false 19 Double 0 0,First,#,tide_zone_polygons,Shape_Leng,-1,-1;Shape_Area "Shape_Area" true true false 19 Double 0 0,First,#,tide_zone_polygons,Shape_Area,-1,-1;ControlS_2 "ControlS_2" true true false 254 Text 0 0,First,#,tide_zone_polygons,ControlS_2,0,254;Shape_Le_1 "Shape_Le_1" true true false 19 Double 0 0,First,#,tide_zone_polygons,Shape_Le_1,-1,-1" NO_SOURCE_INFO</Process><Process ToolSource="c:\program files\arcgis\pro\Resources\ArcToolbox\toolboxes\Data Management Tools.tbx\Project" Date="20221004" Time="153538">Project tide_zone_polygons_new "F:\csb\tide zone polygons\tide_zone_polygons_new_WGS84.shp" GEOGCS["GCS_WGS_1984",DATUM["D_WGS_1984",SPHEROID["WGS_1984",6378137.0,298.257223563]],PRIMEM["Greenwich",0.0],UNIT["Degree",0.0174532925199433]] # PROJCS["WGS_1984_Web_Mercator_Auxiliary_Sphere",GEOGCS["GCS_WGS_1984",DATUM["D_WGS_1984",SPHEROID["WGS_1984",6378137.0,298.257223563]],PRIMEM["Greenwich",0.0],UNIT["Degree",0.0174532925199433]],PROJECTION["Mercator_Auxiliary_Sphere"],PARAMETER["False_Easting",0.0],PARAMETER["False_Northing",0.0],PARAMETER["Central_Meridian",0.0],PARAMETER["Standard_Parallel_1",0.0],PARAMETER["Auxiliary_Sphere_Type",0.0],UNIT["Meter",1.0]] NO_PRESERVE_SHAPE # NO_VERTICAL</Process><Process ToolSource="c:\program files\arcgis\pro\Resources\ArcToolbox\toolboxes\Data Management Tools.tbx\Merge" Date="20231211" Time="150734">Merge tide_zone_polygons_new_WGS84;Tide_Predictio_PairwiseErase C:\Users\Anthony.R.Klemm\Documents\ArcGIS\Projects\CSB\Default.gdb\tide_zone_polygons_new_Merge "ControlStn "ControlStn" true true false 254 Text 0 0,First,#,tide_zone_polygons_new_WGS84,ControlStn,0,254,Tide_Predictio_PairwiseErase,ControlStn,0,255;ATCorr "ATCorr" true true false 13 Float 0 0,First,#,tide_zone_polygons_new_WGS84,ATCorr,-1,-1,Tide_Predictio_PairwiseErase,ATCorr,-1,-1;RR "RR" true true false 13 Float 0 0,First,#,tide_zone_polygons_new_WGS84,RR,-1,-1,Tide_Predictio_PairwiseErase,RR,-1,-1;ControlS_1 "ControlS_1" true true false 254 Text 0 0,First,#,tide_zone_polygons_new_WGS84,ControlS_1,0,254;ATCorr2 "ATCorr2" true true false 13 Float 0 0,First,#,tide_zone_polygons_new_WGS84,ATCorr2,-1,-1;RR2 "RR2" true true false 13 Float 0 0,First,#,tide_zone_polygons_new_WGS84,RR2,-1,-1;DataProv "DataProv" true true false 254 Text 0 0,First,#,tide_zone_polygons_new_WGS84,DataProv,0,254;Shape__Are "Shape__Are" true true false 19 Double 0 0,First,#,tide_zone_polygons_new_WGS84,Shape__Are,-1,-1;Shape__Len "Shape__Len" true true false 19 Double 0 0,First,#,tide_zone_polygons_new_WGS84,Shape__Len,-1,-1;Shape_Leng "Shape_Leng" true true false 19 Double 0 0,First,#,tide_zone_polygons_new_WGS84,Shape_Leng,-1,-1;Shape_Area "Shape_Area" true true false 19 Double 0 0,First,#,tide_zone_polygons_new_WGS84,Shape_Area,-1,-1,Tide_Predictio_PairwiseErase,Shape_Area,-1,-1;ControlS_2 "ControlS_2" true true false 254 Text 0 0,First,#,tide_zone_polygons_new_WGS84,ControlS_2,0,254;Shape_Le_1 "Shape_Le_1" true true false 19 Double 0 0,First,#,tide_zone_polygons_new_WGS84,Shape_Le_1,-1,-1;Input_FID "Input_FID" true true false 4 Long 0 0,First,#,Tide_Predictio_PairwiseErase,Input_FID,-1,-1;id "Id" true true false 50 Text 0 0,First,#,Tide_Predictio_PairwiseErase,id,0,50;name "Name" true true false 50 Text 0 0,First,#,Tide_Predictio_PairwiseErase,name,0,50;state "State" true true false 50 Text 0 0,First,#,Tide_Predictio_PairwiseErase,state,0,50;affil "Affil" true true false 50 Text 0 0,First,#,Tide_Predictio_PairwiseErase,affil,0,50;latitude "Latitude" true true false 8 Double 0 0,First,#,Tide_Predictio_PairwiseErase,latitude,-1,-1;longitude "Longitude" true true false 8 Double 0 0,First,#,Tide_Predictio_PairwiseErase,longitude,-1,-1;data "Data" true true false 200 Text 0 0,First,#,Tide_Predictio_PairwiseErase,data,0,200;metaapi "MetaAPI" true true false 200 Text 0 0,First,#,Tide_Predictio_PairwiseErase,metaapi,0,200;dataapi "DataAPI" true true false 200 Text 0 0,First,#,Tide_Predictio_PairwiseErase,dataapi,0,200;Shape_Length "Shape_Length" false true true 8 Double 0 0,First,#,Tide_Predictio_PairwiseErase,Shape_Length,-1,-1" NO_SOURCE_INFO</Process><Process ToolSource="c:\program files\arcgis\pro\Resources\ArcToolbox\toolboxes\Data Management Tools.tbx\DeleteField" Date="20231211" Time="151848">DeleteField tide_zone_polygons_new_Merge ControlS_1 "Delete Fields"</Process><Process ToolSource="c:\program files\arcgis\pro\Resources\ArcToolbox\toolboxes\Conversion Tools.tbx\ExportFeatures" Date="20231211" Time="151957">ExportFeatures tide_zone_polygons_new_Merge "F:\csb\tide zone polygons\tide_zone_polygons_new_WGS84_merge.shp" # NOT_USE_ALIAS "ControlStn "ControlStn" true true false 254 Text 0 0,First,#,tide_zone_polygons_new_Merge,ControlStn,0,254;ATCorr "ATCorr" true true false 4 Float 0 0,First,#,tide_zone_polygons_new_Merge,ATCorr,-1,-1;RR "RR" true true false 4 Float 0 0,First,#,tide_zone_polygons_new_Merge,RR,-1,-1;ATCorr2 "ATCorr2" true true false 4 Float 0 0,First,#,tide_zone_polygons_new_Merge,ATCorr2,-1,-1;RR2 "RR2" true true false 4 Float 0 0,First,#,tide_zone_polygons_new_Merge,RR2,-1,-1;DataProv "DataProv" true true false 254 Text 0 0,First,#,tide_zone_polygons_new_Merge,DataProv,0,254;Shape__Are "Shape__Are" true true false 8 Double 0 0,First,#,tide_zone_polygons_new_Merge,Shape__Are,-1,-1;Shape__Len "Shape__Len" true true false 8 Double 0 0,First,#,tide_zone_polygons_new_Merge,Shape__Len,-1,-1;Shape_Leng "Shape_Leng" true true false 8 Double 0 0,First,#,tide_zone_polygons_new_Merge,Shape_Leng,-1,-1;ControlS_2 "ControlS_2" true true false 254 Text 0 0,First,#,tide_zone_polygons_new_Merge,ControlS_2,0,254;Shape_Le_1 "Shape_Le_1" true true false 8 Double 0 0,First,#,tide_zone_polygons_new_Merge,Shape_Le_1,-1,-1;Input_FID "Input_FID" true true false 4 Long 0 0,First,#,tide_zone_polygons_new_Merge,Input_FID,-1,-1;id "Id" true true false 50 Text 0 0,First,#,tide_zone_polygons_new_Merge,id,0,50;name "Name" true true false 50 Text 0 0,First,#,tide_zone_polygons_new_Merge,name,0,50;state "State" true true false 50 Text 0 0,First,#,tide_zone_polygons_new_Merge,state,0,50;affil "Affil" true true false 50 Text 0 0,First,#,tide_zone_polygons_new_Merge,affil,0,50;latitude "Latitude" true true false 8 Double 0 0,First,#,tide_zone_polygons_new_Merge,latitude,-1,-1;longitude "Longitude" true true false 8 Double 0 0,First,#,tide_zone_polygons_new_Merge,longitude,-1,-1;data "Data" true true false 200 Text 0 0,First,#,tide_zone_polygons_new_Merge,data,0,200;metaapi "MetaAPI" true true false 200 Text 0 0,First,#,tide_zone_polygons_new_Merge,metaapi,0,200;dataapi "DataAPI" true true false 200 Text 0 0,First,#,tide_zone_polygons_new_Merge,dataapi,0,200;Shape_Length "Shape_Length" false true true 8 Double 0 0,First,#,tide_zone_polygons_new_Merge,Shape_Length,-1,-1;Shape_Area "Shape_Area" false true true 8 Double 0 0,First,#,tide_zone_polygons_new_Merge,Shape_Area,-1,-1" #</Process><Process ToolSource="c:\program files\arcgis\pro\Resources\ArcToolbox\toolboxes\Data Management Tools.tbx\UpdateSchema" Date="20231211" Time="165258">UpdateSchema "CIMDATA=&lt;CIMStandardDataConnection xsi:type='typens:CIMStandardDataConnection' xmlns:xsi='http://www.w3.org/2001/XMLSchema-instance' xmlns:xs='http://www.w3.org/2001/XMLSchema' xmlns:typens='http://www.esri.com/schemas/ArcGIS/3.1.0'&gt;&lt;WorkspaceConnectionString&gt;DATABASE=F:\csb\tide zone polygons&lt;/WorkspaceConnectionString&gt;&lt;WorkspaceFactory&gt;Shapefile&lt;/WorkspaceFactory&gt;&lt;Dataset&gt;tide_zone_polygons_new_WGS84_merge&lt;/Dataset&gt;&lt;DatasetType&gt;esriDTFeatureClass&lt;/DatasetType&gt;&lt;/CIMStandardDataConnection&gt;" &lt;operationSequence&gt;&lt;workflow&gt;&lt;AddField&gt;&lt;field_name&gt;ControlS_1&lt;/field_name&gt;&lt;field_type&gt;TEXT&lt;/field_type&gt;&lt;field_length&gt;255&lt;/field_length&gt;&lt;field_is_nullable&gt;False&lt;/field_is_nullable&gt;&lt;field_is_required&gt;False&lt;/field_is_required&gt;&lt;/AddField&gt;&lt;/workflow&gt;&lt;/operationSequence&gt;</Process><Process ToolSource="c:\program files\arcgis\pro\Resources\ArcToolbox\toolboxes\Data Management Tools.tbx\CalculateField" Date="20231211" Time="165320">CalculateField tide_zone_polygons_new_WGS84_merge ControlS_1 0 "Python 3" # Text NO_ENFORCE_DOMAINS</Process></lineage></DataProperties><SyncDate>20231211</SyncDate><SyncTime>15195600</SyncTime><ModDate>20231211</ModDate><ModTime>15195600</ModTime></Esri><dataIdInfo><envirDesc Sync="FALSE">Esri ArcGIS 12.1.0.10257</envirDesc><dataLang><languageCode value="eng" Sync="TRUE"/><countryCode value="USA" Sync="TRUE"/></dataLang><idCitation><resTitle Sync="TRUE">tide_zone_polygons_new_WGS84_merge</resTitle><presForm><PresFormCd value="005" Sync="TRUE"/></presForm></idCitation><spatRpType><SpatRepTypCd value="001" Sync="TRUE"/></spatRpType></dataIdInfo><mdLang><languageCode value="eng" Sync="TRUE"/><countryCode value="USA" Sync="TRUE"/></mdLang><mdChar><CharSetCd value="004" Sync="TRUE"/></mdChar><distInfo><distFormat><formatName Sync="TRUE">Shapefile</formatName></distFormat><distTranOps><transSize Sync="TRUE">0.000</transSize></distTranOps></distInfo><mdHrLv><ScopeCd value="005" Sync="TRUE"/></mdHrLv><mdHrLvName Sync="TRUE">dataset</mdHrLvName><refSysInfo><RefSystem><refSysID><identCode code="4326" Sync="TRUE"/><idCodeSpace Sync="TRUE">EPSG</idCodeSpace><idVersion Sync="TRUE">6.2(3.0.1)</idVersion></refSysID></RefSystem></refSysInfo><spatRepInfo><VectSpatRep><geometObjs Name="tide_zone_polygons_new_WGS84_merge"><geoObjTyp><GeoObjTypCd value="002" Sync="TRUE"></GeoObjTypCd></geoObjTyp><geoObjCnt Sync="TRUE">0</geoObjCnt></geometObjs><topLvl><TopoLevCd value="001" Sync="TRUE"></TopoLevCd></topLvl></VectSpatRep></spatRepInfo><spdoinfo><ptvctinf><esriterm Name="tide_zone_polygons_new_WGS84_merge"><efeatyp Sync="TRUE">Simple</efeatyp><efeageom code="4" Sync="TRUE"></efeageom><esritopo Sync="TRUE">FALSE</esritopo><efeacnt Sync="TRUE">0</efeacnt><spindex Sync="TRUE">FALSE</spindex><linrefer Sync="TRUE">TRUE</linrefer></esriterm></ptvctinf></spdoinfo><eainfo><detailed Name="tide_zone_polygons_new_WGS84_merge"><enttyp><enttypl Sync="TRUE">tide_zone_polygons_new_WGS84_merge</enttypl><enttypt Sync="TRUE">Feature Class</enttypt><enttypc Sync="TRUE">0</enttypc></enttyp><attr><attrlabl Sync="TRUE">FID</attrlabl><attalias Sync="TRUE">FID</attalias><attrtype Sync="TRUE">OID</attrtype><attwidth Sync="TRUE">4</attwidth><atprecis Sync="TRUE">0</atprecis><attscale Sync="TRUE">0</attscale><attrdef Sync="TRUE">Internal feature number.</attrdef><attrdefs Sync="TRUE">Esri</attrdefs><attrdomv><udom Sync="TRUE">Sequential unique whole numbers that are automatically generated.</udom></attrdomv></attr><attr><attrlabl Sync="TRUE">Shape</attrlabl><attalias Sync="TRUE">Shape</attalias><attrtype Sync="TRUE">Geometry</attrtype><attwidth Sync="TRUE">0</attwidth><atprecis Sync="TRUE">0</atprecis><attscale Sync="TRUE">0</attscale><attrdef Sync="TRUE">Feature geometry.</attrdef><attrdefs Sync="TRUE">Esri</attrdefs><attrdomv><udom Sync="TRUE">Coordinates defining the features.</udom></attrdomv></attr><attr><attrlabl Sync="TRUE">ControlStn</attrlabl><attalias Sync="TRUE">ControlStn</attalias><attrtype Sync="TRUE">String</attrtype><attwidth Sync="TRUE">254</attwidth><atprecis Sync="TRUE">0</atprecis><attscale Sync="TRUE">0</attscale></attr><attr><attrlabl Sync="TRUE">ATCorr</attrlabl><attalias Sync="TRUE">ATCorr</attalias><attrtype Sync="TRUE">Single</attrtype><attwidth Sync="TRUE">13</attwidth><atprecis Sync="TRUE">0</atprecis><attscale Sync="TRUE">0</attscale></attr><attr><attrlabl Sync="TRUE">RR</attrlabl><attalias Sync="TRUE">RR</attalias><attrtype Sync="TRUE">Single</attrtype><attwidth Sync="TRUE">13</attwidth><atprecis Sync="TRUE">0</atprecis><attscale Sync="TRUE">0</attscale></attr><attr><attrlabl Sync="TRUE">ATCorr2</attrlabl><attalias Sync="TRUE">ATCorr2</attalias><attrtype Sync="TRUE">Single</attrtype><attwidth Sync="TRUE">13</attwidth><atprecis Sync="TRUE">0</atprecis><attscale Sync="TRUE">0</attscale></attr><attr><attrlabl Sync="TRUE">RR2</attrlabl><attalias Sync="TRUE">RR2</attalias><attrtype Sync="TRUE">Single</attrtype><attwidth Sync="TRUE">13</attwidth><atprecis Sync="TRUE">0</atprecis><attscale Sync="TRUE">0</attscale></attr><attr><attrlabl Sync="TRUE">DataProv</attrlabl><attalias Sync="TRUE">DataProv</attalias><attrtype Sync="TRUE">String</attrtype><attwidth Sync="TRUE">254</attwidth><atprecis Sync="TRUE">0</atprecis><attscale Sync="TRUE">0</attscale></attr><attr><attrlabl Sync="TRUE">Shape__Are</attrlabl><attalias Sync="TRUE">Shape__Are</attalias><attrtype Sync="TRUE">Double</attrtype><attwidth Sync="TRUE">19</attwidth><atprecis Sync="TRUE">0</atprecis><attscale Sync="TRUE">0</attscale></attr><attr><attrlabl Sync="TRUE">Shape__Len</attrlabl><attalias Sync="TRUE">Shape__Len</attalias><attrtype Sync="TRUE">Double</attrtype><attwidth Sync="TRUE">19</attwidth><atprecis Sync="TRUE">0</atprecis><attscale Sync="TRUE">0</attscale></attr><attr><attrlabl Sync="TRUE">Shape_Leng</attrlabl><attalias Sync="TRUE">Shape_Leng</attalias><attrtype Sync="TRUE">Double</attrtype><attwidth Sync="TRUE">19</attwidth><atprecis Sync="TRUE">0</atprecis><attscale Sync="TRUE">0</attscale></attr><attr><attrlabl Sync="TRUE">Shape_Area</attrlabl><attalias Sync="TRUE">Shape_Area</attalias><attrtype Sync="TRUE">Double</attrtype><attwidth Sync="TRUE">19</attwidth><atprecis Sync="TRUE">0</atprecis><attscale Sync="TRUE">0</attscale><attrdef Sync="TRUE">Area of feature in internal units squared.</attrdef><attrdefs Sync="TRUE">Esri</attrdefs><attrdomv><udom Sync="TRUE">Positive real numbers that are automatically generated.</udom></attrdomv></attr><attr><attrlabl Sync="TRUE">ControlS_2</attrlabl><attalias Sync="TRUE">ControlS_2</attalias><attrtype Sync="TRUE">String</attrtype><attwidth Sync="TRUE">254</attwidth><atprecis Sync="TRUE">0</atprecis><attscale Sync="TRUE">0</attscale></attr><attr><attrlabl Sync="TRUE">Input_FID</attrlabl><attalias Sync="TRUE">Input_FID</attalias><attrtype Sync="TRUE">Integer</attrtype><attwidth Sync="TRUE">10</attwidth><atprecis Sync="TRUE">10</atprecis><attscale Sync="TRUE">0</attscale></attr><attr><attrlabl Sync="TRUE">id</attrlabl><attalias Sync="TRUE">id</attalias><attrtype Sync="TRUE">String</attrtype><attwidth Sync="TRUE">50</attwidth><atprecis Sync="TRUE">0</atprecis><attscale Sync="TRUE">0</attscale></attr><attr><attrlabl Sync="TRUE">name</attrlabl><attalias Sync="TRUE">name</attalias><attrtype Sync="TRUE">String</attrtype><attwidth Sync="TRUE">50</attwidth><atprecis Sync="TRUE">0</atprecis><attscale Sync="TRUE">0</attscale></attr><attr><attrlabl Sync="TRUE">state</attrlabl><attalias Sync="TRUE">state</attalias><attrtype Sync="TRUE">String</attrtype><attwidth Sync="TRUE">50</attwidth><atprecis Sync="TRUE">0</atprecis><attscale Sync="TRUE">0</attscale></attr><attr><attrlabl Sync="TRUE">affil</attrlabl><attalias Sync="TRUE">affil</attalias><attrtype Sync="TRUE">String</attrtype><attwidth Sync="TRUE">50</attwidth><atprecis Sync="TRUE">0</atprecis><attscale Sync="TRUE">0</attscale></attr><attr><attrlabl Sync="TRUE">latitude</attrlabl><attalias Sync="TRUE">latitude</attalias><attrtype Sync="TRUE">Double</attrtype><attwidth Sync="TRUE">19</attwidth><atprecis Sync="TRUE">0</atprecis><attscale Sync="TRUE">0</attscale></attr><attr><attrlabl Sync="TRUE">longitude</attrlabl><attalias Sync="TRUE">longitude</attalias><attrtype Sync="TRUE">Double</attrtype><attwidth Sync="TRUE">19</attwidth><atprecis Sync="TRUE">0</atprecis><attscale Sync="TRUE">0</attscale></attr><attr><attrlabl Sync="TRUE">data</attrlabl><attalias Sync="TRUE">data</attalias><attrtype Sync="TRUE">String</attrtype><attwidth Sync="TRUE">200</attwidth><atprecis Sync="TRUE">0</atprecis><attscale Sync="TRUE">0</attscale></attr><attr><attrlabl Sync="TRUE">metaapi</attrlabl><attalias Sync="TRUE">metaapi</attalias><attrtype Sync="TRUE">String</attrtype><attwidth Sync="TRUE">200</attwidth><atprecis Sync="TRUE">0</atprecis><attscale Sync="TRUE">0</attscale></attr><attr><attrlabl Sync="TRUE">dataapi</attrlabl><attalias Sync="TRUE">dataapi</attalias><attrtype Sync="TRUE">String</attrtype><attwidth Sync="TRUE">200</attwidth><atprecis Sync="TRUE">0</atprecis><attscale Sync="TRUE">0</attscale></attr><attr><attrlabl Sync="TRUE">Shape_Le_2</attrlabl><attalias Sync="TRUE">Shape_Le_2</attalias><attrtype Sync="TRUE">Double</attrtype><attwidth Sync="TRUE">19</attwidth><atprecis Sync="TRUE">0</atprecis><attscale Sync="TRUE">0</attscale></attr><attr><attrlabl Sync="TRUE">Shape_Le_1</attrlabl><attalias Sync="TRUE">Shape_Le_1</attalias><attrtype Sync="TRUE">Double</attrtype><attwidth Sync="TRUE">19</attwidth><atprecis Sync="TRUE">0</atprecis><attscale Sync="TRUE">0</attscale></attr></detailed></eainfo><mdDateSt Sync="TRUE">20231211</mdDateSt></metadata>
